short_name,full_name,division,mascot,conference,elo,location,eligible,twitter,color
Adrian,Adrian College,D-III,Bulldogs,D-III,1419,"41.897785701653525, -84.06378176498569",0,,
Alderson,Alderson Broaddus University,D-II,Battlers,Independent,1381.5566849778095,"39.15707821033467, -80.05158937406792",1,@ABUmvb,
Alvernia,Alvernia University,D-III,Crusaders,D-III,1419,"40.308195482372284, -75.93609804774519",0,@AlverniaMVB,
Ambrose,Saint Ambrose University (Iowa),NAIA,Fighting Bees,NAIA,1373,"41.541422428054254, -90.58036660471811",0,@SAUBEES,#00549D
American,American International College,D-II,Yellow Jackets,Independent,1372.61061417338,"42.11819653301246, -72.55411909135562",1,@AiCmvb,
Arcadia,Arcadia University,D-III,Knights,D-III,1419,"40.09189512018325, -75.16543497405404",0,,
Augustana,Augustana College (IL),D-III,Vikings,D-III,1419,"41.50707807397814, -90.5507023989337",0,,
Aurora,Aurora University,D-III,Spartans,D-III,1419,"41.754929518874825, -88.35040048173529",0,,
Baldwin,Baldwin Wallace University,D-III,Yellow Jackets,D-III,1419,"41.372090690678, -81.84717580056873",0,,
Ball,Ball State University,D-I,Cardinals,MIVA,1740.4759272674562,"40.207145339682654, -85.4063535970778",1,@BallStateMVB,#ba0c2f
Bard,Bard College,D-III,Raptors,D-III,1419,"42.02378584506257, -73.90786832699553",0,,
Barton,Barton College,D-II,Bulldogs,Carolinas,1487.2727614620928,"35.736908888607566, -77.91135951366927",1,@BartonVB,
Baruch,Baruch College,D-III,Bearcats,D-III,1419,"40.74027091463403, -73.98325759030051",0,,
Belmont,Belmont Abbey College,D-II,Crusaders,Carolinas,1624.755905672882,"35.260949209445535, -81.04035964259134",1,@AbbeyMVB,#d31145
Benedict,Benedict College,D-II,Tigers,SIAC,1389.3887363613558,"34.01302911507938, -81.0194713390587",1,@benedict_tigers,
Benedictine,Benedictine University,D-III,Eagles,D-III,1419,"41.780501946929036, -88.09615879522768",0,@BenUMensVB,
Bluefield,Bluefield College,NAIA,Rams,NAIA,1373,"37.245950864489764, -81.24445240620705",0,@bstatesports,
Brooklyn,Brooklyn College,D-III,Bulldogs,D-III,1419,"40.63104871616864, -73.9544884311142",0,,
BYU,Brigham Young University,D-I,Cougars,MPSF,1666.941137491213,"40.24775735793723, -111.65400410316153",1,@BYUvolleyball,#003fa2
Cairn,Cairn University,D-III,Highlanders,D-III,1419,"40.1670948697853, -74.90559171636978",0,,
Cal Lu,California Lutheran University,D-III,Kingsmen,D-III,1419,"34.22633196106771, -118.87807278033313",0,@CLUSports,
Campbellsville,Campbellsville University,NAIA,Tigers,NAIA,1373,"37.343703858580945, -85.35335044938824",0,@CvilleTigersVB,
Carlow,Carlow University,NAIA,Celtics,NAIA,1373,"40.43903130319252, -79.96306475446164",0,,
Carolina,Carolina University,NCCAA,Bruins,NCCAA,1373,"36.087523477474456, -80.24955829665056",0,@carolinaumvb,
Carthage,Carthage College,D-III,Red Men,D-III,1419,"42.6215922229578, -87.82230584629596",0,,
CCNY,City College of New York,D-III,Beavers,D-III,1419,"40.81976412629696, -73.9495302395286",0,,
Central,Central State University,D-II,Marauders,SIAC,1377.9269368128867,"39.715131597362756, -83.87718939929674",1,@GO_MARAUDERS,
Charleston,University of Charleston,D-II,Golden Eagles,EIVA,1465.711043054929,"38.33334229250818, -81.61707890009181",1,@ucwv_mvball,#61162d
Coker,Coker University,D-II,Cobras,Independent,1500.0,"34.37528373319098, -80.06614319438705",0,@Coker_Cobras,#233a75
Colby,Colby–Sawyer College,D-III,Chargers,D-III,1419,"43.41183934465652, -71.9754399209063",0,,
Concordia,Concordia University Irvine,D-II,Eagles,MPSF,1517.599683866207,"33.654125685708344, -117.81056815720085",1,@cuimvolleyball,#0f4d2a
Cornerstone,Cornerstone Univeristy,NAIA,Golden Eagles,NAIA,1373,"42.98216485583985, -85.59340682236592",0,@CornerstoneMVB,#00235d
CSUN,CSU Northridge,D-I,Matadors,Big West,1498.6079078753596,"34.24217382508362, -118.52592070292671",1,@CSUNMensVB,
CUC,Concordia University Chicago,D-III,Cougars,D-III,1419,"41.899237012815654, -87.80952090882946",0,,
Culver,Culver–Stockton College,NAIA,Wildcats,NAIA,1373,"40.128468061043186, -91.53302925364306",0,@CSCMensVolley,
Cumberland,Cumberland University,NAIA,Phoenix,NAIA,1373,"36.20324853719004, -86.29933821955521",0,@GoCUPhoenix,#84152C
CUW,Concordia University Wisconsin,D-III,Falcons,D-III,1419,"43.25429597914008, -87.91661537299478",0,,
Daemen,Daemen College,D-II,Wildcats,Independent,1650.7685489063194,"42.964334636072195, -78.78783629673202",1,@DaemenMVB,
Dean,Dean College,D-III,Bulldogs,D-III,1419,"42.08636133425835, -71.39748949045915",0,,
Dominican,Dominican University (IL),D-III,Stars,D-III,1419,"41.903363621408715, -87.82152751845709",0,,
DYouville,D'Youville University,D-II,Saints,Independent,1394.8199488004075,"42.90182578107489, -78.88965269252517",1,@DYouvilleMVB,
Eastern,Eastern University,D-III,Eagles,D-III,1419,"40.050986680102724, -75.37269408034746",0,,
Edgewood,Edgewood College,D-III,Eagles,D-III,1419,"43.05830704392353, -89.42167424499276",0,,
Edward,Edward Waters University,D-II,Tigers,SIAC,1382.0214008553996,"30.34614835020607, -81.68808435799133",1,@EWU_Athletics,
Elizabeth,Saint Elizabeth University,D-III,Eagles,D-III,1419,"40.777375075122734, -74.43415675237851",0,,
Elizabethtown,Elizabethtown College,D-III,Blue Jays,D-III,1419,"40.150819758599084, -76.59062951850991",0,,
Elmira,Elmira College,D-III,Soaring Eagles,D-III,1419,"42.096566184891785, -76.81556739854054",0,@ElmiraMVB,
Elms,College of Our Lady of the Elms,D-III,Blazers,D-III,1419,"42.14173387482781, -72.60017141907629",0,,
Emerson,Emerson College,D-III,Lions,D-III,1419,"42.35224553601047, -71.06582213018211",0,@EmersonVBALL,
Emmanuel,Emmanuel College,D-II,Lions,Carolinas,1561.363210505847,"34.28232255958307, -83.15283746675586",1,@EC_M_volleyball,
Emmanuel MA,Emmanuel College (MA),D-III,Saints,D-III,1419,"42.34035470893204, -71.10340832812273",0,,
EMU,Eastern Mennonite University,D-III,Royals,D-III,1419,"38.4724731498568, -78.87859418683938",0,@emu_volleyball,
Endicott,Endicott College,D-III,Gulls,D-III,1419,"42.555019322717676, -70.83965869564096",0,@EndicottMVB,
ENU,Eastern Nazarene College,D-III,Lions,D-III,1419,"42.27217678612162, -71.01071405591968",0,,
Erskine,Erskine College,D-II,Flying Fleet,Carolinas,1491.787946274889,"34.33264844123455, -82.39295012824844",1,@FlyingFleetMVB,
Fairleigh,Fairleigh Dickinson University,D-I,Knights,Independent,1441.1580299438826,"40.896665989152474, -74.03244336140656",1,@FDUKnightsMVB,
First Point,First Point Collegiate Challenge,n/a,n/a,n/a,1500.0,"30.263653912461567, -97.73966337824726",0,,
Fisher,St. John Fisher College,D-III,Cardinals,D-III,1419,"43.11613765507209, -77.50989152025222",0,@SJFCVB,
Fontbonne,Fontbonne University,D-III,Griffins,D-III,1419,"38.64174360171452, -90.31502244592951",0,@FBUGriffinsMVB,
Fort Valley,Fort Valley State University,D-II,Wildcats,SIAC,1393.0305096980478,"32.533038270782875, -83.89765259686493",1,@FVSUATHLETICS,
GCU,Grand Canyon University,D-I,Antelopes,MPSF,1671.6231738952388,"33.51026623785861, -112.12902999636252",1,@GCU_MVolleyball,#512699
Geneva,Geneva College,D-III,Golden Tornadoes,D-III,1419,"40.77105523710914, -80.32069510818673",0,@GenevaAthletics,#b4975b
Georgetown,Georgetown College (KY),NAIA,Tigers,NAIA,1373,"38.2075905437859, -84.55289270669186",0,@GCAthletics,
GMU,George Mason University,D-I,Patriots,EIVA,1614.213169800006,"38.83065978140495, -77.3124337809112",1,@GoMasonMVB,#006938
Graceland,Graceland University,NAIA,Yellowjackets,NAIA,1373,"40.61455111800166, -93.9265999300875",0,@GUjackets,#00275c
Grand View,Grand View University,NAIA,Vikings,NAIA,1373,"41.61980219082709, -93.59806643803012",0,@VikingAthletics,
Greenville,North Greenville University,D-II,Crusaders,Carolinas,1668.0640978847937,"35.069533766249734, -82.37309708210283",1,@NGU_MVB,
Harvard,Harvard University,D-I,Crimson,EIVA,1545.9557625599105,"42.37135182238967, -71.11941108239166",1,@HarvardMVB,#a31f36
Hawaii,University of Hawai'i at Manoa,D-I,Rainbow Warriors,Big West,1817.6275196249917,"21.294609859692425, -157.8183992624992",1,@HawaiiMensVB,#005837
Hilbert,Hilbert College,D-III,Hawks,D-III,1419,"42.75407223484585, -78.81970205433396",0,@HilbertAthletic,
Hiram,Hiram College,D-III,Terriers,D-III,1419,"41.311370096971544, -81.14153368962442",0,,
Hunter,Hunter College,D-III,Hawks,D-III,1419,"40.76777636366904, -73.96455470358497",0,,
IIT,Illinois Institute of Technology,D-III,Scarlet Hawks,D-III,1419,"41.839019206655045, -87.62557170033118",0,,
Immaculata,Immaculata University,D-III,Mighty Macs,D-III,1419,"40.027973552241136, -75.57068390446615",0,,
Indiana Tech,Indiana Institute of Technology,NAIA,Warriors,NAIA,1373,"41.078223061447055, -85.11802161138166",0,,
IWU,Illinois Wesleyan University,D-III,Titans,D-III,1419,"40.49388795647673, -88.98929385170241",0,,
Jamestown,University of Jamestown,NAIA,Jimmies,NAIA,1373,"46.9150125897768, -98.69405345622302",0,,
John Jay,John Jay College of Criminal Justice,D-III,Bloodhounds,D-III,1419,"40.77035218686202, -73.98835148520904",0,,
Judson,Judson University,NAIA,Eagles,NAIA,1373,"42.06105413456005, -88.28638078225565",0,@JudsonMensVB,#172751
Juniata,Juniata College,D-III,Eagles,D-III,1419,"40.50082601597881, -78.01535329509088",0,,
JWU,Johnson and Wales University (RI),D-III,Wildcats,D-III,1419,"41.78926009829432, -71.39140899103272",0,,
Katherine,University of Saint Katherine,NAIA,Firebirds,NAIA,1373,"33.14459389006438, -117.188980895342",0,@UskMvb,
Kean,Kean University,D-III,Cougars,D-III,1419,"40.68045714398456, -74.23754322953764",0,@KeanMVB,
King,King University,D-II,Tornados,Carolinas,1532.887762647058,"36.585282826029015, -82.15931172711392",1,@TornadoMVB,#cf102d
Kings,King's College,D-III,Monarchs,D-III,1419,"41.249174900875346, -75.87696569302454",0,,
KSU,Kentucky State University,D-II,Thorobreds,SIAC,1381.0784105857313,"38.20016245445245, -84.86007930194451",1,@KYSUAthletics,
Lakeland,Lakeland University,D-III,Muskies,D-III,1419,"43.843452277396864, -87.88577772880265",0,,
Lancaster,Lancaster Bible College,D-III,Chargers,D-III,1419,"40.07544941311759, -76.28914618292605",0,,
Lasell,Lasell University,D-III,Lasers,D-III,1419,"42.34259730667481, -71.24342225858211",0,,
LBSU,Long Beach State,D-I,49ers,Big West,1691.2228797899334,"33.78755969795288, -118.11468048796037",1,@lbsumvb,#eba91b
Lees,Lees–McRae College,D-II,Bobcats,Carolinas,1458.1447553587857,"36.15646890875242, -81.87072487315083",1,@LMCBobcatVolley,
Lehman,Lehman College,D-III,Lightning Bugs,D-III,1419,"40.87466726077226, -73.89295862715507",0,,
Lesley,Lesley University,D-III,Lynx,D-III,1419,"42.43001050429625, -71.12511049597039",0,,
Lewis,Lewis University,D-II,Flyers,MIVA,1706.5126489015545,"41.60507512399408, -88.08211780186922",1,@LewisMVBall,#c00000
Life,Life University,NAIA,Running Eagles,NAIA,1373,"33.931020655187076, -84.51727778423846",0,@lifeu_mvb,
Limestone,Limestone University,D-II,Saints,Independent,1624.4909866400133,"35.0550147456207, -81.65177833084384",1,@LimestoneSaints,#0038a5
Lindenwood,Lindenwood University,D-II,Lions,MIVA,1498.5461444592215,"38.78885569308603, -90.50402535960333",1,@lindenwoodMVB,
LIU,Long Island University,D-I,Sharks,Independent,1450.4914490335352,"40.69062486571616, -73.979257542518",1,@LIUAthletics,
LMU,Lincoln Memorial University,D-II,Railsplitters,Independent,1703.5174720496138,"36.58069456454686, -83.6625514731423",1,@SplittersMensVB,
Loras,Loras College,D-III,Duhawks,D-III,1419,"42.504879804777005, -90.67847969314923",0,,
Lourdes,Lourdes University,NAIA,Grey Wolves,NAIA,1373,"41.7080917959541, -83.70556847058288",0,,
Loyola,Loyola University Chicago,D-I,Ramblers,MIVA,1686.3706818665705,"42.000567998243376, -87.65897785953142",1,@RamblersMVB,#582931
Maranatha,Maranatha Baptist University,D-III,Sabercats,D-III,1419,"43.19434080238715, -88.7378745828583",0,,
Marian,Marian University (WI),D-III,Sabres,D-III,1419,"43.77635064609146, -88.41999676090558",0,,
Marymount,Marymount University,D-III,Saints,D-III,1419,"38.90566645273184, -77.12717533225883",0,,
Maryville,Maryville University,D-II,Saints,Independent,1543.5070794760998,"38.64372686506051, -90.50393139677512",1,@MaryvilleMVB,
Masters,The Master's University,NAIA,Mustangs,NAIA,1373,"34.38300835589866, -118.51955473325665",0,@TMUAthletics,#0c2340
MBU,Missouri Baptist University,NAIA,Spartans,NAIA,1373,"38.64163159240683, -90.46136632365594",0,@MBUVolleyball,
McKendree,McKendree University,D-II,Bearcats,MIVA,1651.5996605318944,"38.61089984668392, -89.81457515960716",1,@McKMVB,#592b85
Medaille,Medaille College,D-III,Mavericks,D-III,1419,"42.929141132927406, -78.85653115282652",0,@MavsVBall,
Medgar,Medgar Evers College,D-III,Cougars,D-III,1419,"40.66678199893193, -73.95201121827772",0,,
Menlo,Menlo College,NAIA,Oaks,NAIA,1373,"37.45703867329666, -122.191176410207",0,@MenloAthletics,#003a70
Merced,UC Merced,NAIA,Golden Bobcats,NAIA,1373,"37.366012991410265, -120.42680463444562",0,@UCMercedMVB,
Messiah,Messiah Univeristy,D-III,Falcons,D-III,1419,"40.158697842416125, -76.988491780441",0,,
Milligan,Milligan University,NAIA,Buffaloes,NAIA,1373,"36.30126262460604, -82.29042412992379",0,@MilliganBuffs,#AF5108
Millikin,Millikin University,D-III,Big Blue,D-III,1419,"39.843612359218106, -88.9732658076431",0,,
Misericordia,Misericordia University,D-III,Cougars,D-III,1419,"41.346573259307426, -75.97430701035299",0,,
MIT,Massachusetts Institute of Technology,D-III,Engineers,D-III,1419,"42.35920143502328, -71.09598651534462",0,,
Morehouse,Morehouse College,D-II,Maroon Tigers,SIAC,1374.343156801985,"33.74897155900181, -84.40861390674647",1,@MaroonTigers,
Mount Union,University of Mount Union,D-III,Purple Raiders,D-III,1419,"40.90245029151455, -81.11104969355848",0,,
MSJ,Mount St. Joseph University,D-III,Lions,D-III,1419,"39.095018513143216, -84.6404775537773",0,@MSJmensVball,
MSOE,Milwaukee School of Engineering,D-III,Raiders,D-III,1419,"43.04662807366095, -87.90950353546796",0,,
MSV,College of Mount Saint Vincent,D-III,Dolphins,D-III,1419,"40.91356526437771, -73.90614706114066",0,,
MVC,Missouri Valley College,NAIA,Vikings,NAIA,1373,"39.10850085848182, -93.18987364525856",0,@MVCAthletics,#962599
MVNU,Mount Vernon Nazarene University,NAIA,Cougars,NAIA,1373,"40.37266012753464, -82.46830521946504",0,@mvnumvball,
Nazareth,Nazareth College (NY),D-III,Golden Flyers,D-III,1419,"43.101628145741294, -77.51857696231474",0,@NazAthletics,
Neumann,Neumann University,D-III,Knights,D-III,1419,"39.87521060111818, -75.4428721669722",0,,
Nichols,Nichols College,D-III,Bison,D-III,1419,"42.04241879910383, -71.92939413800686",0,@ncbison,
NJCU,New Jersey City University,D-III,Gothic Knights,D-III,1419,"40.7127279879083, -74.08873883959045",0,,
NJIT,New Jersey Institute of Technology,D-I,Highlanders,EIVA,1662.9634981222841,"40.74226308492056, -74.1804250697891",1,@njitMVB,#d9232e
Norbert,St. Norbert College,D-III,Green Knights,D-III,1419,"44.442076059728834, -88.06813597045847",0,,
North Central,North Central College,D-III,Cardinals,D-III,1419,"41.769802215602205, -88.14426296972064",0,,
North Park,North Park University,D-III,Vikings,D-III,1419,"41.97507802707824, -87.70908385315052",0,,
NVU,Northern Vermont University–Johnson,D-III,Badgers,D-III,1419,"44.64170222739891, -72.67127077254793",0,,
NYU,New York University,D-III,Violets,D-III,1419,"40.69426223581706, -73.98649046111277",0,,
Ohio,The Ohio State University,D-I,Buckeyes,MIVA,1594.7401148310887,"40.013659150194385, -83.02835385096364",1,@OhioStateMVB,#ce0f3d
Olive,University of Mount Olive,D-II,Trojans,Carolinas,1701.9822270632872,"35.206267828209945, -78.07135766938003",1,@UMOMVB,#026241
Olivet,Olivet College,D-III,Comets,D-III,1419,"42.43590104499605, -84.926079186222",0,@OlivetAthletics,
OUAZ,Ottawa University Arizona,NAIA,Spirit,NAIA,1373,"33.62841394840269, -112.37179237613786",0,,
Paine,Paine College,NCCAA,Lions,NCCAA,1373,"33.47082393014291, -81.99702436738723",0,,
Park,Park University,NAIA,Pirates,NAIA,1373,"33.29997589547613, -111.62490849737839",0,,
Penn,Pennsylvania State University,D-I,Nittany Lions,EIVA,1791.4299728597825,"40.79587992368765, -77.86941460188768",1,@PennStateMVBALL,#002D62
Penn Altoona,Penn State Altoona,D-III,Nittany Lions,D-III,1419,"40.54129159543888, -78.4106558057087",0,,
Penn Behrend,"Penn State Erie, The Behrend College",D-III,Behrend Lions,D-III,1419,"42.12012061305278, -79.97809207472905",0,,
Pepperdine,Pepperdine University,D-I,Waves,MPSF,1645.7481256025937,"34.03852398415157, -118.70978524990564",1,@PeppVolleyball,#0a2240
PFW,Purdue University Fort Wayne,D-I,Mastodons,MIVA,1640.1027052466486,"41.11944698196785, -85.10730666554868",1,@MastodonMVB,#c28e0e
Pine Manor,Pine Manor College,D-III,Gators,D-III,1419,"42.32090975390333, -71.15797182073103",0,,
Pratt,Pratt Institute,D-III,Cannoneers,D-III,1419,"40.690913899534586, -73.96207617419944",0,,
Princeton,Princeton University,D-I,Tigers,EIVA,1585.1247635585069,"40.345617856393154, -74.65879610189774",1,@PrincetonVolley,#ff6000
Queens,Queens University of Charlotte,D-II,Royals,Independent,1618.398534264829,"35.18849968417609, -80.83507306216742",1,@QueensAthletics,#00205b
Quincy,Quincy University,D-II,Hawks,MIVA,1432.6763266742742,"39.9384182056001, -91.38529127307119",1,@QUMVB,#591f00
Ramapo,Ramapo College,D-III,Roadrunners,D-III,1419,"41.08237213924209, -74.17750497174502",0,,
Randolph Macon,Randolph–Macon College,D-III,Yellow Jackets,D-III,1419,"37.762889757977874, -77.47861657454743",0,@RMCathletics,
Regis,Regis College (MA),D-III,Pride,D-III,1419,"42.350914973456305, -71.3074520630383",0,,
Reinhardt,Reinhardt University,NAIA,Eagles,NAIA,1373,"34.318858281323614, -84.54888269700757",0,@RUMensVball,#002E5C
Rivier,Rivier University,D-III,Raiders,D-III,1419,"42.73813288937704, -71.45234267759334",0,,
Rockford,Rockford University,D-III,Regents,D-III,1419,"42.269156247760925, -89.02165338002247",0,,
Rosemont,Rosemont College,D-III,Ravens,D-III,1419,"40.033736490844156, -75.33160520871527",0,,
Rutgers,Rutgers University–Newark,D-III,Scarlet Raiders,D-III,1419,"40.73916807034423, -74.17387951111192",0,,
Sacred,Sacred Heart University,D-I,Pioneers,EIVA,1436.675531085001,"41.21960639882194, -73.24464177304239",1,@SHUBigRed,
Sage,The Sage Colleges,D-III,Gators,D-III,1419,"42.65142294260737, -73.78257340262616",0,@sagemvb,
Saint Vincent,Saint Vincent College,D-III,Bearcats,D-III,1419,"40.29242584013322, -79.40378787664432",0,@SVC_Bearcats,#1e5632
Sarah,Sarah Lawrence College,D-III,Gryphons,D-III,1419,"40.9321611226302, -73.84734653537407",0,,
SFCB,St. Francis College (Brooklyn),D-I,Terriers,EIVA,1544.6571976319904,"40.69327473082102, -73.99260250884957",1,@SFBKMVB,#0038a8
SFU,Saint Francis University (PA),D-I,Red Flash,EIVA,1619.5435081323142,"40.50452259480198, -78.64110417305858",1,@RedFlashMVB,#bd1f25
SJC Brooklyn,St. Joseph's College-Brooklyn,D-III,Bears,D-III,1419,"40.690994511103455, -73.9696828545863",0,,
SJC Long Island,St. Joseph's College-Long Island,D-III,Golden Eagles,D-III,1419,"40.7764487093655, -73.0263200930275",0,,
Springfield,Springfield College (MA),D-III,Pride,D-III,1419,"42.10483126433112, -72.55557081090733",0,,
St Andrews,St. Andrews University,NAIA,Knights,NAIA,1373,"34.745921130860445, -79.47888492926597",0,@SAUKnights,
Stanford,Stanford University,D-I,Cardinal,MPSF,1522.0531562783106,"37.42962789960126, -122.16063330196073",1,@StanfordMVB,#8c1515
Stevens,Stevens Institute of Technology,D-III,Ducks,D-III,1419,"40.74330688729092, -74.02580511631534",0,,
Stevenson,Stevenson University,D-III,Mustangs,D-III,1419,"39.427623235478656, -76.77926613430805",0,,
SUNY New Paltz,State University of New York at New Paltz,D-III,Hawks,D-III,1419,"41.739840548230994, -74.08651471281539",0,,
SUNY Poly,State University of New York Polytechnic Institute,D-III,Wildcats,D-III,1419,"43.137836223361504, -75.22973236333709",0,,
SUNY Potsdam,State University of New York at Potsdam,D-III,Bears,D-III,1419,"44.660676196882086, -74.96712355234018",0,@PotsdamBears,
SUNY Purchase,State University of New York at Purchase,D-III,Panthers,D-III,1419,"41.05010343783726, -73.69852253602835",0,,
SVU,Southern Virginia University,D-III,Knights,D-III,1419,"37.74147880883873, -79.34995625019081",0,@svuathletics,
Thiel,Thiel College,D-III,Tomcats,D-III,1419,"41.411953215542255, -80.38403895686261",0,,
Trine,Trine University,D-III,Thunder,D-III,1419,"41.63098230268178, -85.01231909201103",0,,
Truett,Truett-McConnell Univeristy,NAIA,Bears,NAIA,1373,"34.59660840107576, -83.75065653236048",0,@TMUBears,#002a46
Tusculum,Tusculum University,D-II,Pioneers,Independent,1450.0093505631155,"36.172235784169594, -82.76122001547911",1,@TusculumMVB,#ec6633
UCI,UC Irvine,D-I,Anteaters,Big West,1520.2021097751842,"33.649529179071855, -117.84676229463538",1,@UCImvb,#002144
UCLA,UCLA,D-I,Bruins,MPSF,1735.756167111515,"34.070368942308, -118.44692940202692",1,@UCLAMVB,#2d68c4
UCSB,UC Santa Barbara,D-I,Gauchos,Big West,1749.2203284425655,"34.413774241887246, -119.85124827968606",1,@GauchoVball,#223168
UCSC,UC Santa Cruz,D-III,Banana Slugs,D-III,1419,"36.96823924339548, -122.02312311628842",0,@ucsc_mvb,
UCSD,UC San Diego,D-I,Tritons,Big West,1603.6319928703178,"32.88532910021645, -117.23989557321309",1,@UCSDmvb,#182b49
UHSP,University of Health Sciences & Pharmacy,NAIA,Eutectics,NAIA,1373,"38.63693302044206, -90.26244371434896",0,@UHSPEutectics,#46166b
UPRB,University of Puerto Rico at Bayamon,D-II,Cowboys,Independent,1500.0,"18.37183760427692, -66.14289026456974",0,,
UPRM,University of Puerto Rico at Mayaguez,D-II,Tarzans,Independent,1500.0,"18.210830405627053, -67.14090943786569",0,,
UPRRP,"University of Puerto Rico, Rio Piedras",D-II,Gallitos,Independent,1491.0,"18.40278872714375, -66.05006215991594",0,,
Urbana,Urbana University,D-II,Blue Knights,Independent,1423.5,"40.09973848144935, -83.76003001311695",0,,
USC,University of Southern California,D-I,Trojans,MPSF,1622.4624462528373,"34.02083077304503, -118.27970057319217",1,@USCmensvolley,#9d2235
Valley Forge,University of Valley Forge,D-III,Patriots,D-III,1419,"40.1181690516284, -75.550581063398",0,,
Vanguard,Vanguard University,NAIA,Lions,NAIA,1373,"33.66149843172471, -117.90297950960634",0,@VULions,#003767
Vassar,Vassar College,D-III,Brewers,D-III,1419,"41.689951645290634, -73.89088724998996",0,,
Wabash,Wabash College,D-III,Little Giants,D-III,1419,"40.03704910749767, -86.90791218910711",0,,
Warner,Warner University,NAIA,Royals,NAIA,1373,"27.851729076947557, -81.5991506273334",0,,
Webber,Webber International University,NAIA,Warriors,NAIA,1373,"27.83794368879541, -81.53348173209628",0,@WebberAthletics,
Wells,Wells College,D-III,Express,D-III,1419,"42.74657777700596, -76.69624086746354",0,@WellsExpress,#b31b34
Westcliff,Westcliff University,NAIA,Warriors,NAIA,1373,"33.79535549977899, -117.76684789770304",0,,
Widener,Widener University,D-III,Pride,D-III,1419,"39.86591052264735, -75.35187384013149",0,,
Wilkes,Wilkes University,D-III,Colonels,D-III,1419,"41.2423605095444, -75.890487664037",0,,
Wilson,Wilson College (PA),D-III,Phoenix,D-III,1419,"39.953606035662204, -77.6499938604079",0,,
WIT,Wentworth Institute of Technology,D-III,Leopards,D-III,1419,"42.33551821175901, -71.094890253902",0,,
Wittenberg,Wittenberg University,D-III,Tigers,D-III,1419,"39.937405829559225, -83.81388113557702",0,@WittAthletics,#990000
WLC,Wisconsin Lutheran College,D-III,Warriors,D-III,1419,"43.03772451134177, -88.02170450400425",0,,
WPU,William Penn University (Iowa),NAIA,Statesmen,NAIA,1373,"41.309247172572135, -92.64891268395098",0,@StatesmenMVB,
Xavier,Saint Xavier University,NAIA,Cougars,NAIA,1373,"41.70695344950264, -87.71614398729923",0,@SXUmensvball,
Yeshiva,Yeshiva University,D-III,Maccabees,D-III,1419,"40.85009572301855, -73.92863738341114",0,@YUathletics,#005696
York,York College,D-III,Cardinals,D-III,1419,"40.70067378876929, -73.79500755814429",0,@YCPathletics,#00853e
